crop.species,age
Abelmoschus_esculentus,4.629211
Abelmoschus_manihot,5.532674
Abelmoschus_moschatus,5.532688
Abutilon_theophrasti,6.892405
Acca_sellowiana,28.951358
Acer_saccharum,12.46643
Acmella_oleracea,NA
Actinidia_arguta,13.01998
Actinidia_deliciosa,7.848467
Actinidia_kolomikta,13.01998
Actinidia_polygama,13.01998
Adansonia_digitata,4.102764
Adenandra_fragrans,10.587203
Aeschynomene_americana,36.165667
Aframomum_melegueta,7.36615
Agave_amica,NA
Agave_tequilana,11.40753
Agropyron_cristatum,1.156951
Allium_ampeloprasum_subsp._ampeloprasum,24.75399
Allium_cepa,24.753988
Allium_chinense,24.75399
Allium_fistulosum,5.499319
Allium_ledebourianum,24.75399
Allium_macrostemon,24.75399
Allium_oschaninii,24.75399
Allium_ramosum,24.75399
Allium_sativum,24.75399
Allium_schoenoprasum,24.75399
Allium_scorodoprasum,18.867746
Allium_tuberosum,24.75399
Allospondias_lakonensis,19.897212
Alocasia_cucullata,21.510992
Alocasia_macrorrhizos,3.655573
Aloe_vera,9.16073
Alpinia_galanga,13.234292
Alpinia_globosa,14.496188
Alpinia_malaccensis,6.861683
Alpinia_officinarum,8.354227
Amaranthus_caudatus,3.994714
Amaranthus_cruentus,3.994714
Amaranthus_dubius,2.504752
Amaranthus_tricolor,2.43591
Amelanchier_alnifolia,5.725757
Amelanchier_canadensis,1.837698
Ammi_majus,1.036181
Amomum_compactum,9.50652
Amomum_subulatum,6.086318
Amomum_verum,9.50652
Amorphophallus_harmandii,56.911717
Amorphophallus_konjac,93.28441
Amorphophallus_paeoniifolius,33.650686
Amphicarpaea_bracteata,6.1615
Anacardium_occidentale,0.216582
Ananas_comosus,0.545577
Ananas_cosmosus_var._parguazensis,2.370632
Anethum_graveolens,10.6709586
Angelica_archangelica,3.823409
Angelica_japonica,3.823409
Annona_cherimola,11.120436
Annona_dolabripetala,17.76076
Annona_leptopetala,17.76076
Annona_macroprophyllata,17.760775
Annona_montana,15.859908
Annona_mucosa,17.76076
Annona_muricata,15.859908
Annona_purpurea,15.859908
Annona_reticulata,11.120437
Annona_scleroderma,17.76076
Annona_squamosa,11.120436
Anredera_baselloides,12.591781
Anredera_cordifolia,12.591781
Anthriscus_cerefolium,22.53232
Antidesma_bunius,12.751969
Apios_americana,4.261162
Apium_graveolens,2.316543
Arachis_glabrata,4.86357
Arachis_hypogaea,4.863573
Arachis_villosulicarpa,4.86357
Aralia_cordata,13.362652
Archidendron_bigeminum,1.50503
Archidendron_jiringa,1.50503
Arctium_lappa,3.23527
Areca_catechu,6.56643
Arenga_pinnata,4.929300637
Argania_spinosa,15.656023
Armoracia_rusticana,7.5702505
Arracacia_xanthorrhiza,1.73325
Artemisia_dracunculus,1.118786
Artocarpus_altilis,4.896874
Artocarpus_heterophyllus,5.550368
Artocarpus_integer,5.550368
Artocarpus_lacucha,2.067323
Artocarpus_rigidus,5.494942
Asclepias_syriaca,6.438328
Asimina_triloba,5.020511
Asparagus_officinalis,0.058839
Atriplex_hortensis,40.249397
Avena_sativa,2.813269
Averrhoa_bilimbi,8.832446
Averrhoa_carambola,8.832446
Azadirachta_indica,23.726198
Baccaurea_dulcis,3.87967
Baccaurea_motleyana,3.87967
Baccaurea_racemosa,3.879655
Baccaurea_ramiflora,3.879655
Bactris_gasipaes,5.8690259
Balanites_aegyptiaca,16.023775
Bambusa_bambos,2.34106
Bambusa_multiplex,2.34106
Bambusa_odashimae,2.34106
Bambusa_vulgaris,2.34106
Barbarea_verna,1.07207
Barbarea_vulgaris,2.430645
Barringtonia_procera,5.77907
Basella_alba,9.242823
Bassia_indica,1.066552
Benincasa_hispida,5.746394
Berberis_vulgaris,0.765973
Bergenia_crassifolia,3.706804
Bertholletia_excelsa,16.03354
Beta_palonga,1.407676
Beta_vulgaris_subsp._vulgaris,1.587059
Bixa_orellana,40.46841
Blainvillea_acmella,NA
Blighia_sapida,54.8011
Blitum_bonus-henricus,28.486866
Blitum_capitatum,28.486866
Blitum_virgatum,28.48686
Boehmeria_nivea,2.047077
Boesenbergia_rotunda,6.632008
Bomarea_edulis,7.464334
Borago_officinalis,10.325532
Bouea_macrophylla,10.304635
Bouteloua_curtipendula,8.809029
Bouteloua_eriopoda,8.80905
Bouteloua_gracilis,8.80905
Bouteloua_repens,8.80905
Brasenia_schreberi,46.672706
Brassica_carinata,24.819169
Brassica_juncea,4.930123
Brassica_napus,4.930123
Brassica_nigra,24.819169
Brassica_oleracea,3.335005
Brassica_rapa,4.930123
Breynia_androgyna,NA
Bromelia_pinguin,8.40879
Bromus_catharticus,6.542623
Bromus_mango,6.54262
Bromus_marginatus,6.54262
Bromus_secalinus,2.989883
Brosimum_alicastrum,7.674502
Broussonetia_luzonica,17.41977
Bunchosia_armeniaca,4.404032
Bunchosia_costaricensis,5.824786
Bunium_bulbocastanum,0.860071
Cajanus_cajan,1.50489
Calathea_allouia,10.60185
Calystegia_sepium,3.862026
Camellia_japonica,1.239398
Camellia_sinensis,8.54468
Camellia_sinensis_var._assamica,7.917881
Campanula_rapunculus,9.76794
Campomanesia_guaviroba,28.182847
Campomanesia_lineatifolia,18.70856
Canarium_album,3.252084
Canarium_indicum,5.433209
Canarium_ovatum,8.811859
Canavalia_cathartica,6.854175
Canavalia_ensiformis,6.8542
Canavalia_gladiata,6.854174
Canavalia_plagiosperma,6.8542
Canna_indica,4.557773
Cannabis_sativa,67.169763
Capparis_spinosa,13.45688
Capsicum_annuum,2.047938
Capsicum_baccatum,2.227387
Capsicum_chinense,2.052509
Capsicum_pubescens,2.440125
Cardiocrinum_cordatum,7.795442
Carica_papaya,32.065173
Carissa_macrocarpa,30.894483
Carpobrotus_edulis,25.15627
Carthamus_tinctorius,4.07889
Carum_carvi,10.325887
Carya_cathayensis,1.282498
Carya_illinoinensis,1.698207
Carya_ovata,1.01845
Caryocar_nuciferum,6.762663
Casimiroa_edulis,15.864785
Castanea_crenata,8.037019
Castanea_dentata,8.037019
Castanea_mollissima,8.037019
Castanea_pumila,4.705344
Castanea_sativa,8.037019
Catha_edulis,9.432215
Ceiba_pentandra,9.418837
Celosia_argentea,15.534056
Cenchrus_americanus,4.568231
Centrosema_pubescens,4.004199
Cephalostachyum_capitatum,1.83284
Ceratonia_siliqua,58.102885
Ceratotheca_sesamoides,3.928897
Cereus_hexagonus,1.86846
Chaerophyllum_bulbosum,3.447609
Chamaedorea_tepejilote,5.34991115
Chamaemelum_nobile,3.060527
Chenopodium_album,13.41278
Chenopodium_berlandieri,1.083198
Chenopodium_pallidicaule,1.843622
Chenopodium_quinoa,1.083199
Chionachne_gigantea,15.034077
Chloranthus_spicatus,38.540711
Chrysanthemum_morifolium,0.158562
Chrysobalanus_icaco,15.506008
Chrysophyllum_cainito,11.550071
Cicer_arietinum,0.683013
Cichorium_endivia,0.517469
Cichorium_intybus,0.645323
Cinnamomum_burmannii,8.762158
Cinnamomum_loureiroi,8.762158
Cinnamomum_tamala,8.76217
Cinnamomum_verum,8.762159
Citrullus_lanatus,3.065193
Citrus_hystrix,13.512701
Citrus_japonica,3.033382
Citrus_limon,13.512701
Citrus_maxima,14.17348
Citrus_medica,13.512701
Citrus_reticulata,2.702613
Citrus_aurantiifolia,13.512701
Citrus_aurantium,14.17348
Citrus_latifolia,14.17348
Citrus_microcarpa,2.526455
Citrus_paradisi,10.279745
Citrus_sinensis,10.279745
Citrus_taitensis,6.152484
Clausena_anisata,16.876292
Clausena_lansium,16.876292
Claytonia_perfoliata,6.410703
Cleome_gynandra,25.336368
Cnidoscolus_aconitifolius,4.1779656
Cnidoscolus_urens,4.1779656
Coccoloba_uvifera,4.5641
Cocos_nucifera,8.2895191
Codonopsis_lanceolata,18.626852
Coffea_arabica,0.680112
Coffea_canephora,1.240516
Coffea_congensis,1.240516
Coffea_liberica,2.150631
Cola_nitida,5.172018
Colocasia_esculenta,37.609722
Combretum_indicum,20.401056
Corchorus_olitorius,8.60651
Corchorus_trilocularis,8.606518
Cordia_dodecandra,23.26641
Cordyline_fruticosa,16.29526
Coriandrum_sativum,6.917471
Cormus_domestica,8.678773
Cortaderia_selloana,8.92323
Corylus_avellana,10.810953
Corylus_chinensis,10.247059
Corylus_heterophylla,9.073801
Corylus_maxima,10.810953
Corylus_sieboldiana,13.272291
Crambe_hispanica_subsp._abyssinica,10.699055
Crambe_maritima,10.699055
Crataegus_hupehensis,5.023371
Crescentia_cujete,19.053291
Crocus_sativus,8.575575
Crotalaria_longirostrata,9.29423
Crotalaria_micans,2.345955
Croton_tiglium,2.868039
Cryptotaenia_japonica,5.15309
Cucumis_anguria,2.613444
Cucumis_maderaspatana,9.286952
Cucumis_melo,9.115653
Cucumis_metulifer,9.286953
Cucumis_sativus_var._sativus,9.115653
Cucurbita_argyrosperma,4.942759
Cucurbita_ficifolia,5.84588
Cucurbita_maxima,2.06197
Cucurbita_moschata,4.942759
Cucurbita_pepo,1.663823
Cuminum_cyminum,1.663823
Curcuma_angustifolia,13.110158
Curcuma_heyneana,1.765695
Curcuma_longa,1.451728
Curcuma_pierreana,1.798428
Curcuma_zanthorrhiza,2.356407
Cyamopsis_tetragonoloba,1.778068
Cyclanthera_pedata,17.9683
Cydonia_oblonga,17.869404
Cymbopetalum_penduliflorum,10.745765
Cynara_cardunculus,11.49185
Cyperus_articulatus,1.956774
Cyperus_cyperoides,5.231961
Cyperus_esculentus,5.234843
Cyrtocarpa_procera,5.14628
Cyrtosperma_merkusii,43.834615
Dacryodes_edulis,11.18206
Dahlia_pinnata,6.576067
Daucus_carota_subsp._sativus,0.592733
Decalobanthus_mammosus,0.221661
Dendrocalamus_asper,NA
Dendrocalamus_latiflorus,0.34427
Deschampsia_cespitosa,0.34426
Desmodium_cinereum,12.550646
Desmodium_intortum,11.51581
Desmodium_subsecundum,11.515794
Desmodium_uncinatum,11.515794
Digitaria_exilis,11.515794
Digitaria_iburua,6.53606
Digitaria_sanguinalis,6.53605
Dimocarpus_longan,6.53606
Dioscorea_alata,9.148353
Dioscorea_bulbifera,7.529081
Dioscorea_cayennensis,11.921003
Dioscorea_dumetorum,1.282178
Dioscorea_esculenta,11.921003
Dioscorea_flabellifolia,11.579344
Dioscorea_japonica,29.028139
Dioscorea_nummularia,7.80935
Dioscorea_oppositifolia,7.529081
Dioscorea_pentaphylla,7.80935
Dioscorea_polygonoides,11.921003
Dioscorea_quartiniana,18.971746
Dioscorea_trifida,29.028139
Diospyros_discolor,29.028138
Diospyros_ebenum,13.65086
Diospyros_kaki,8.485365
Diospyros_lotus,5.40153
Diospyros_major,5.40153
Diospyros_nigra,13.650858
Diospyros_virginiana,13.65086
Dipteryx_odorata,8.954395
Dovyalis_caffra,5.763638
Dovyalis_hebecarpa,35.244429
Duchesnea_filipendula,35.244429
Durio_oxleyanus,6.222578
Durio_zibethinus,4.34322
Dysoxylum_parasiticum,4.34322
Dysphania_ambrosioides,21.677589
Echinochloa_colona,9.90736
Echinochloa_crus-pavonis,1.30706
Echinochloa_esculenta,1.30705
Echinochloa_frumentacea,0.069968
Elaeagnus_multiflora,1.30706
Elaeagnus_pungens,2.749455
Elaeagnus_umbellata,2.74947
Elaeis_guineensis,2.749455
Elaeocarpus_floribundus,12.1511554
Eleocharis_dulcis,17.406468
Elettaria_cardamomum,18.975122
Eleusine_coracana,14.820112
Elymus_canadensis,4.117818
Elymus_caninus,1.500016
Elymus_repens,2.828625
Elymus_smithii,2.828624
Ensete_ventricosum,2.828625
Enydra_fluctuans,13.940375
Eragrostis_tef,NA
Eriobotrya_japonica,10.30224
Eriochloa_polystachya,4.553568
Eruca_vesicaria_subsp._sativa,0.698815
Etlingera_elatior,0.803265
Eugenia_pyriformis,4.209157
Eugenia_uniflora,27.160743
Euryale_ferox,23.752413
Euterpe_oleracea,66.195769
Eutrema_japonicum,12.067863
Fagopyrum_esculentum,11.56194
Fagopyrum_tataricum,28.72582
Ficus_auriculata,8.3011
Ficus_carica,10.101792
Ficus_sycomorus,9.259269
Fimbribambusa_horsfieldii,11.92241
Flacourtia_indica,3.268219
Flacourtia_rukam,35.244429
Foeniculum_vulgare,13.32217
Fragaria_viridis,3.08109
Fragaria_ananassa,7.43253
Galega_officinalis,1.924461
Gambeya_africana,32.25983
Garcinia_cochinchinensis,11.55009
Garcinia_dulcis,2.365676
Garcinia_indica,1.647986
Garcinia_madruno,11.29323
Garcinia_mangostana,17.280064
Garcinia_multiflora,11.29323
Garcinia_pedunculata,14.1167
Garcinia_prainiana,17.28006
Garcinia_xanthochymus,17.280065
Genipa_americana,1.647986
Gigantochloa_ligulata,7.077584
Glebionis_coronaria,1.457412
Glebionis_segetum,5.720467
Gleditsia_japonica,5.720467
Glycine_max,5.84486
Glycyrrhiza_echinata,8.513688
Glycyrrhiza_glabra,5.5507
Gossypium_herbaceum,4.440126
Gossypium_hirsutum,4.489364
Grewia_asiatica,1.077141
Guizotia_abyssinica,2.59946
Gymnema_inodorum,4.8316346
Helianthus_annuus,2.76083
Helianthus_tuberosus,1.825839
Hemerocallis_fulva,0.603858
Hibiscus_cannabinus,1.083935
Hibiscus_radiatus,3.291703
Hibiscus_sabdariffa,3.291703
Hodgsonia_macrocarpa,3.291703
Hordeum_vulgare,18.729026
Houttuynia_cordata,2.598933
Hovenia_dulcis,65.518558
Humulus_lupulus,0.027839
Hydrolea_zeylanica,11.530576
Hyptis_suaveolens,0.737093
Ilex_paraguariensis,9.376677
Illicium_verum,18.899998
Inga_edulis,12.21583
Inga_feuillei,1.458626
Inga_laurina,0.305731
Inocarpus_fagifer,3.259101
Inula_racemosa,12.188589
Ipomoea_aquatica,5.86617
Ipomoea_batatas,9.84382
Ipomoea_eriocarpa,9.84382
Irvingia_gabonensis,7.631672
Isatis_tinctoria,5.18973
Iva_annua,5.694141
Jaltomata_procumbens,6.0738635
Jasminum_sambac,2.589256
Jatropha_curcas,20.61853
Jatropha_multifida,9.2575
Juglans_ailanthifolia,9.2575
Juglans_hindsii,13.15664
Juglans_mollis,6.610102
Juglans_neotropica,7.341842
Juglans_nigra,7.341842
Juglans_regia,6.610102
Kaempferia_galanga,13.15664
Kaempferia_rotunda,8.91172
Lablab_purpureus,8.91172
Lactuca_indica,7.031192
Lactuca_sativa,0.147442
Lactuca_serriola,4.632958
Lagenaria_siceraria,4.632958
Lathyrus_cicera,7.011877
Lathyrus_ochrus,11.36029
Lathyrus_sativus,9.943542
Lathyrus_sylvestris,11.360279
Lathyrus_tuberosus,8.531364
Launaea_taraxacifolia,8.531364
Laurus_nobilis,3.15413
Lecythis_zabucajo,84.59525
Lepidium_meyenii,6.129579
Lepidium_ruderale,5.242362
Lepidium_sativum,16.604999
Lepisanthes_rubiginosa,16.605
Leptospermum_laevigatum,18.698468
Leucaena_leucocephala,16.787082
Levisticum_officinale,28.818267
Lilium_auratum,7.498401
Lilium_lancifolium,6.381183
Lilium_leichtlinii,4.447659
Limonia_acidissima,4.730248
Linaria_japonica,26.824169
Linum_usitatissimum,7.09115
Lippia_abyssinica,11.530981
Litchi_chinensis,5.21054
Litsea_calophylla,34.237619
Lolium_perenne,9.419431
Luffa_acutangula,9.063863
Luffa_aegyptiaca,3.335167
Lupinus_albus,2.857225
Lupinus_ananeanus,11.00638
Lupinus_angustifolius,11.00638
Lupinus_cosentinii,8.364522
Lupinus_luteus,4.685059
Lupinus_mutabilis,8.364522
Lupinus_perennis,11.00638
Lupinus_polyphyllus,11.00638
Lupinus_tauris,0.871827
Lycianthes_mozinoana,11.00638
Lycium_chinense,14.28688
Lysiloma_latisiliquum,3.982425
Macadamia_integrifolia,8.60761
Macrotyloma_uniflorum,2.852122
Malpighia_emarginata,2.222752
Malpighia_glabra,2.144077
Malpighia_urens,2.137063
Malus_asiatica,3.728
Malus_baccata,4.76971
Malus_domestica,3.864534
Malus_hupehensis,3.575949
Malus_micromalus,3.864534
Malus_prunifolia,3.864534
Malus_sieboldii,4.769718
Malus_spectabilis,3.878246
Malus_turkmenorum,3.864535
Malva_sylvestris,4.769717
Malva_verticillata,0.957691
Mammea_americana,0.39636
Mangifera_caesia,6.926713
Mangifera_foetida,10.295814
Mangifera_indica,10.295814
Mangifera_odorata,10.295814
Manihot_esculenta,10.295814
Manilkara_zapota,2.619917
Maranta_arundinacea,7.257889
Matricaria_chamomilla,10.42132
Medicago_lupulina,1.3996525
Medicago_sativa,4.332871
Medicago_truncatula,4.299765
Melicoccus_bijugatus,3.751976
Melilotus_officinalis,18.905428
Mentha_canadensis,3.724886
Mentha_spicata,5.06781
Mentha_piperita,5.06781
Mespilus_germanica,5.06781
Mesua_ferrea,5.051583
Metroxylon_sagu,40.107758
Mirabilis_expansa,7.3715086
Miscanthus_sacchariflorus,5.89929
Momordica_balsamina,6.346239
Momordica_charantia,10.67529
Monstera_deliciosa,10.67529
Moringa_oleifera,12.55839
Moringa_stenopetala,11.792489
Morus_alba,11.7925
Morus_nigra,2.02409
Morus_rubra,8.399864
Mucuna_pruriens,6.34064
Muntingia_calabura,15.62044
Murraya_koenigii,76.302148
Musa_textilis,25.5239
Musa_paradisiaca,9.804073
Myrceugenia_lanceolata,NA
Myrica_rubra,15.711594
Myristica_fragrans,4.258343
Myrrhis_odorata,27.24123
Nassella_viridula,22.532264
Nasturtium_officinale,1.198109
Nelumbo_nucifera,15.176647
Neptunia_oleracea,127.500574
Nicotiana_tabacum,9.53713
Nigella_sativa,11.455528
Ocimum_basilicum,8.66427
Ocotea_quixos,7.22119
Oenanthe_javanica,6.814755
Olea_europaea,4.549822
Omphalea_diandra,3.610833
Opuntia_boldinghii,4.587776
Opuntia_cochenillifera,11.560121
Opuntia_crystalenia,11.56013
Opuntia_dejecta,11.56013
Opuntia_dillenii,11.56013
Opuntia_elatior,0.996764
Opuntia_engelmannii,4.506544
Opuntia_ficus-indica,3.939805
Opuntia_hyptiacantha,11.56013
Opuntia_leucotricha,11.560119
Opuntia_robusta,11.56012
Opuntia_undulata,3.939805
Origanum_majorana,11.56013
Origanum_vulgare,0.133732
Oryza_glaberrima,0.089612
Oryza_meyeriana,2.538544
Oryza_minuta,13.505483
Oryza_sativa,5.838859
Osmanthus_fragrans,6.785512
Oxalis_tetraphylla,15.191955
Oxalis_tuberosa,2.04205
Pachyrhizus_ahipa,2.04205
Pachyrhizus_erosus,4.331297
Pachyrhizus_tuberosus,4.331277
Pandanus_amaryllifolius,4.331297
Pandanus_julianettii,17.156921
Pandanus_tectorius,31.33772
Pangium_edule,17.117915
Panicum_antidotale,64.938024
Panicum_hirticaule,14.601516
Panicum_miliaceum,3.06798
Panicum_virgatum,10.61
Papaver_somniferum,10.610012
Parkia_biglobosa,7.564093
Parkia_speciosa,27.89954
Parmentiera_aculeata,27.89954
Parmentiera_cereifera,1.7653
Paspalum_dilatatum,4.327756
Paspalum_distichum,3.76418
Paspalum_notatum,3.76418
Paspalum_plicatulum,3.76418
Paspalum_scrobiculatum,3.76418
Passiflora_alata,3.76418
Passiflora_antioquiensis,21.446465
Passiflora_caerulea,21.446466
Passiflora_edulis,8.947655
Passiflora_laurifolia,21.446465
Passiflora_ligularis,21.446465
Passiflora_maliformis,21.446465
Passiflora_mollissima,4.494376
Passiflora_pinnatistipula,1.171847
Passiflora_quadrangularis,21.446466
Pastinaca_sativa,21.446465
Paullinia_cupana,6.13131
Peltophorum_pterocarpum,27.40055
Peperomia_pellucida,19.155354
Pereskia_aculeata,9.09312
Perilla_frutescens,6.517296
Persea_americana,0.572044
Persea_schiedeana,25.253597
Persicaria_hydropiper,25.253597
Persicaria_odorata,5.759996
Petasites_japonicus,5.759996
Petrosedum_rupestre,4.026708
Petroselinum_crispum,37.55247
Petunia_hybrida,22.532327
Phacelia_tanacetifolia,0.431674
Phaseolus_acutifolius,7.730011
Phaseolus_coccineus,7.430083
Phaseolus_dumosus,3.462875
Phaseolus_lunatus,2.592488
Phaseolus_maculatus_subsp._ritensis,2.789757
Phaseolus_vulgaris,2.187059
Phleum_pratense,9.739209
Phoenix_atlantica,1.16641
Phoenix_dactylifera,6.83075
Phoenix_sylvestris,5.2163038
Phragmites_australis,5.6472725
Phyllanthus_acidus,1.418572
Phyllanthus_emblica,17.136879
Phyllostachys_dulcis,17.13688
Phyllostachys_nigra,1.53744
Physalis_ixocarpa,1.537449
Physalis_peruviana,7.516135
Physalis_philadelphica,7.51614
Physalis_pubescens,7.51614
Phytolacca_acinosa,7.516135
Pimenta_dioica,11.474749
Pimpinella_anisum,18.204956
Piper_auritum,25.8043
Piper_guineense,22.643805
Piper_longum,22.643803
Piper_nigrum,15.468357
Piper_retrofractum,16.32026
Pisonia_umbellifera,15.468357
Pistacia_lentiscus,9.708613
Pistacia_vera,11.888171
Pisum_sativum,1.582569
Pithecellobium_dulce,1.442817
Plantago_major,11.751805
Plectranthus_amboinicus,3.625699
Plectranthus_esculentus,10.11746
Plinia_cauliflora,10.11746
Plukenetia_volubilis,22.527944
Poa_compressa,2.945237
Poa_nemoralis,3.2716727
Poa_pratensis,3.2716727
Polygala_butyracea,1.6358365
Polyscias_fruticosa,50.45655
Portulaca_oleracea,5.95684
Pouteria_caimito,11.610001
Pouteria_campechiana,8.634876
Pouteria_lucuma,11.550071
Pouteria_macrophylla,11.55009
Pouteria_procera,3.304899
Pouteria_sapota,11.55009
Pouteria_viridis,11.55009
Proboscidea_louisianica,11.55009
Prosopis_strombulifera,5.749748
Prunus_americana,16.54915
Prunus_angustifolia,3.837753
Prunus_armeniaca,1.435499
Prunus_cerasus,12.458511
Prunus_domestica,14.862046
Prunus_dulcis,29.307456
Prunus_kansuensis,29.30746
Prunus_mira,6.540285
Prunus_munsoniana,6.540285
Prunus_nigra,1.435499
Prunus_persica,4.243671
Prunus_salicina,12.458512
Prunus_simonii,10.267793
Prunus_tenella,29.30746
Prunus_tomentosa,29.307455
Prunus_ussuriensis,29.30746
Pseudoroegneria_spicata,10.267793
Psidium_acutangulum,4.204911
Psidium_cattleyanum,21.44063
Psidium_friedrichsthalianum,21.44063
Psidium_guajava,16.014384
Psidium_guineense,21.44063
Psidium_oligospermum,21.44063
Psophocarpus_tetragonolobus,21.44063
Puccinellia_nuttalliana,0.005445
Pueraria_montana,4.00954
Pueraria_phaseoloides,5.039525
Pugionium_cornutum,22.46602
Punica_granatum,14.674224
Pyracantha_coccinea,47.806895
Pyrus_bretschneideri,9.614767
Pyrus_communis,0.090079
Pyrus_pyrifolia,2.941484
Quararibea_cordata,5.394248
Raphanus_sativus,7.771085
Rheum_officinale,13.768596
Rheum_hybridum,2.448078
Rhodomyrtus_tomentosa,0.002903
Rhus_coriaria,13.07644
Ribes_aureum,7.192194
Ribes_cynosbati,21.490103
Ribes_longeracemosum,21.4901
Ribes_nigrum,21.4901
Ribes_petraeum,16.2318824
Ribes_rubrum,5.0135922
Ribes_spicatum,12.282744812
Ribes_uva-crispa,16.6866537
Rorippa_indica,16.6866537
Rosmarinus_officinalis,9.909488
Rubus_brasiliensis,3.508809
Rubus_chamaemorus,84.30539
Rubus_fruticosus,84.30539
Rubus_glaucus,84.30539
Rubus_illecebrosus,84.30539
Rubus_laciniatus,84.30539
Rubus_occidentalis,84.30539
Rubus_phoenicolasius,84.30539
Rubus_rosifolius,84.30539
Rubus_ursinus,35.599624
Rubus_wardii,43.952036
Rumex_acetosa,63.269452
Rumex_alpinus,84.30539
Rumex_hymenosepalus,8.920877
Rumex_obtusifolius,8.920877
Rumex_patientia,8.920877
Rumex_scutatus,8.920877
Saccharum_officinarum,8.920877
Sagittaria_sagittifolia,8.920877
Salacca_zalacca,2.75194
Salsola_komarovii,14.74838
Salsola_soda,4.069985515
Salvia_hispanica,0.865094
Salvia_officinalis,10.967469
Sambucus_nigra,18.68044
Sandoricum_koetjape,10.029958
Sanguisorba_minor,7.071385
Sanguisorba_officinalis,46.742483
Sapindus_mukorossi,7.73828
Saussurea_costus,58.07837
Schinus_molle,17.942159
Schoenoplectus_californicus,4.123484
Sclerocarya_birrea,7.722992
Secale_cereale,14.294639
Sechium_tacaco,7.398234
Selenicereus_undatus,0.806581
Semecarpus_anacardium,NA
Sesamum_alatum,1.138109
Sesamum_indicum,5.08001
Sesamum_radiatum,3.928897
Sesbania_grandiflora,1.85666
Setaria_italica,3.9289
Setaria_macrostachya,3.109648
Setaria_parviflora,2.757861
Sida_rhombifolia,5.55234
Sinapis_alba,3.683452
Smallanthus_sonchifolius,10.12225
Solanum_aethiopicum,16.566469
Solanum_anomalum,1.344458
Solanum_betaceum,3.777627
Solanum_curtilobum,2.8269
Solanum_incanum,10.294527
Solanum_lycopersicum_Heinz_1706,13.73243
Solanum_lycopersicum_Moneymaker,2.98945
Solanum_lycopersicum_var._Cerasiforme,5.785041
Solanum_macrocarpon,3.777627
Solanum_melongena,1.33806
Solanum_quitoense,0.704408
Solanum_scabrum,3.680291
Solanum_sessiliflorum,3.129114
Solanum_tuberosum,12.514117
Solanum_viride,1.917418
Sorghum_drummondii,6.548248
Sorghum_bicolor,6.548248
Sorghum_almum,6.54825
Sphenostylis_stenocarpa,1.339391
Spinacia_oleracea,22.526041
Spondias_dulcis,12.325369
Spondias_mombin,12.325369
Spondias_pinnata,12.325369
Spondias_purpurea,12.325369
Spondias_radlkoferi,12.325369
Stachys_affinis,10.661813
Stelechocarpus_burahol,71.203432
Stenocereus_griseus,0.392269
Stenocereus_pruinosus,5.56316
Stenocereus_queretaroensis,5.563143
Stenocereus_stellatus,1.919095
Stevia_rebaudiana,0.160492
Suaeda_glauca,13.076283
Syzygium_aromaticum,25.364566
Syzygium_cumini,25.364569
Syzygium_formosum,29.64063
Syzygium_jambos,25.364566
Syzygium_malaccense,29.640643
Syzygium_samarangense,26.374814
Tacca_leontopetaloides,14.215879
Talinum_fruticosum,13.920375
Talinum_paniculatum,13.920374
Talinum_portulacifolium,13.920374
Talisia_esculenta,9.452724
Tamarindus_indica,46.351323
Tanacetum_vulgare,2.21189
Taraxacum_campylodes,0.518709
Terminalia_catappa,8.122025
Tetragonia_tetragonoides,3.496753
Theobroma_bicolor,7.93519
Theobroma_cacao,7.93519
Theobroma_grandiflorum,7.93519
Theobroma_microcarpum,7.93519
Thinopyrum_intermedium_subsp._intermedium,1.82767
Thymus_herba-barona,6.48315
Thymus_vulgaris,6.483145
Trachyspermum_roxburghianum,23.604151
Trapa_natans,1.89951
Trichosanthes_cucumerina,4.862128
Trichosanthes_kirilowii,4.557628
Trichosanthes_pilosa,2.318517
Trifolium_alexandrinum,0.383757
Trifolium_ambiguum,3.701834
Trifolium_fragiferum,3.381877
Trifolium_hybridum,3.822003
Trifolium_incarnatum,3.255427
Trifolium_pannonicum,17.57363
Trifolium_pratense,6.527552
Trifolium_repens,2.488162
Trifolium_resupinatum,17.573622
Trifolium_semipilosum,1.331586
Trifolium_subterraneum,17.57363
Trigonella_foenum-graecum,7.550438
Triphasia_trifolia,15.491982
Tripsacum_dactyloides,15.034077
Triticum_aestivum,2.211414
Triticum_monococcum,1.586398
Triticum_spelta,0.03
Triticum_sphaerococcum,NA
Triticum_timopheevii,2.575912
Triticum_turgidum,2.575912
Triticum_turgidum_subsp._carthlicum,1.586398
Triticum_turgidum_subsp._dicoccum,0.133767
Triticum_turgidum_subsp._durum,2.211415
Tropaeolum_leptophyllum,17.777266
Tropaeolum_majus,17.777266
Tropaeolum_tuberosum,17.777266
Tylosema_esculentum,1.869017
Typha_latifolia,10.347593
Ullucus_tuberosus,36.782131
Urena_lobata,12.953969
Urochloa_deflexa,6.620071
Vaccinium_ashei,10.02787
Vaccinium_corymbosum,7.200321
Vaccinium_macrocarpon,8.778295
Vaccinium_oxycoccos,10.02787
Valeriana_sambucifolia,8.722179
Valerianella_locusta,8.886512
Vangueria_madagascariensis,0.497007
Vanilla_planifolia,21.21363
Vanilla_pompona,21.21363
Vasconcellea_pentagona,4.2675
Veronica_anagallis-aquatica,6.713322
Vicia_articulata,10.791888
Vicia_benghalensis,10.791886
Vicia_cracca,10.791888
Vicia_ervilia,11.3449
Vicia_faba,7.539577
Vicia_graminea,11.3449
Vicia_hirsuta,11.3449
Vicia_lens,NA
Vicia_ludoviciana,7.391198
Vicia_monantha,11.3449
Vicia_narbonensis,11.3449
Vicia_pannonica,11.3449
Vicia_sativa,0.249974
Vicia_sepium,11.3449
Vicia_tetrasperma,11.344886
Vicia_unijuga,11.3449
Vicia_villosa,11.3449
Vigna_aconitifolia,2.337437
Vigna_angularis,1.937584
Vigna_mungo,2.337437
Vigna_radiata,0.731638
Vigna_reflexopilosa,9.71079
Vigna_subterranea,7.752924
Vigna_umbellata,9.71079
Vigna_unguiculata_Cowpea,9.710773
Vigna_unguiculata_aparagus,7.142807
Viola_hamiltoniana,14.937077
Vitellaria_paradoxa,8.934857
Vitex_doniana,10.0681
Vitis_amurensis,30.631087
Vitis_davidii,40.55506
Vitis_rotundifolia,40.555039
Vitis_vinifera,34.935797
Wolffia_arrhiza,8.054384
Xanthium_strumarium,0.482264
Xanthosoma_belophyllum,28.609613
Xanthosoma_brasiliense,28.609613
Xanthosoma_caracu,28.60961
Xanthosoma_poeppigii,28.609613
Xanthosoma_robustum,28.609613
Xanthosoma_sagittifolium,11.014629
Xanthosoma_undipes,28.609613
Yucca_gigantea,2.177277
Zanthoxylum_bungeanum,6.092232
Zea_mays,9.388889
Zingiber_mioga,6.75517
Zingiber_officinale,10.20126
Zizania_aquatica,0.086541
Zizania_latifolia,10.874465
Zizania_palustris,0.086541
Ziziphus_jujuba,7.403009
